<?xml version="1.0" encoding="UTF-8"?>
<lectures>
	<lecture>
                <classroom>10.100</classroom>
		<course>Transformations</course>
                <slot>0</slot>
                <type>1</type>
                <group>1</group>
	</lecture>
	<lecture>
                <classroom>10.100</classroom>
		<course>Transformations</course>
                <slot>1</slot>
                <type>1</type>
                <group>2</group>
	</lecture>
	<lecture>
                <classroom>11.100</classroom>
		<course>Transformations</course>
                <slot>6</slot>
                <type>2</type>
                <group>11</group>
	</lecture>
	<lecture>
                <classroom>11.100</classroom>
		<course>Transformations</course>
                <slot>7</slot>
                <type>2</type>
                <group>12</group>
	</lecture>
	<lecture>
                <classroom>11.101</classroom>
		<course>Transformations</course>
                <slot>6</slot>
                <type>2</type>
                <group>21</group>
	</lecture>
	<lecture>
                <classroom>11.101</classroom>
		<course>Transformations</course>
                <slot>7</slot>
                <type>2</type>
                <group>22</group>
	</lecture>
	<lecture>
                <classroom>12.100</classroom>
		<course>Transformations</course>
                <slot>12</slot>
                <type>3</type>
                <group>111</group>
	</lecture>
	<lecture>
                <classroom>12.101</classroom>
		<course>Transformations</course>
                <slot>12</slot>
                <type>3</type>
                <group>112</group>
	</lecture>
	<lecture>
                <classroom>12.100</classroom>
		<course>Transformations</course>
                <slot>13</slot>
                <type>3</type>
                <group>121</group>
	</lecture>
	<lecture>
                <classroom>12.101</classroom>
		<course>Transformations</course>
                <slot>13</slot>
                <type>3</type>
                <group>122</group>
	</lecture>
	<lecture>
                <classroom>13.100</classroom>
		<course>Transformations</course>
                <slot>12</slot>
                <type>3</type>
                <group>211</group>
	</lecture>
	<lecture>
                <classroom>13.101</classroom>
		<course>Transformations</course>
                <slot>12</slot>
                <type>3</type>
                <group>212</group>
	</lecture>
	<lecture>
                <classroom>13.100</classroom>
		<course>Transformations</course>
                <slot>13</slot>
                <type>3</type>
                <group>221</group>
	</lecture>
	<lecture>
                <classroom>13.101</classroom>
		<course>Transformations</course>
                <slot>13</slot>
                <type>3</type>
                <group>222</group>
	</lecture>
        <lecture>
                <classroom>10.100</classroom>
		<course>Black Magic Defense</course>
                <slot>2</slot>
                <type>1</type>
                <group>1</group>
	</lecture>
	<lecture>
                <classroom>10.100</classroom>
		<course>Black Magic Defense</course>
                <slot>3</slot>
                <type>1</type>
                <group>2</group>
	</lecture>
	<lecture>
                <classroom>11.100</classroom>
		<course>Black Magic Defense</course>
                <slot>8</slot>
                <type>2</type>
                <group>11</group>
	</lecture>
	<lecture>
                <classroom>11.100</classroom>
		<course>Black Magic Defense</course>
                <slot>9</slot>
                <type>2</type>
                <group>12</group>
	</lecture>
	<lecture>
                <classroom>11.101</classroom>
		<course>Black Magic Defense</course>
                <slot>8</slot>
                <type>2</type>
                <group>21</group>
	</lecture>
	<lecture>
                <classroom>11.101</classroom>
		<course>Black Magic Defense</course>
                <slot>9</slot>
                <type>2</type>
                <group>22</group>
	</lecture>
	<lecture>
                <classroom>12.100</classroom>
		<course>Black Magic Defense</course>
                <slot>14</slot>
                <type>3</type>
                <group>111</group>
	</lecture>
	<lecture>
                <classroom>12.101</classroom>
		<course>Black Magic Defense</course>
                <slot>14</slot>
                <type>3</type>
                <group>112</group>
	</lecture>
	<lecture>
                <classroom>12.100</classroom>
		<course>Black Magic Defense</course>
                <slot>15</slot>
                <type>3</type>
                <group>121</group>
	</lecture>
	<lecture>
                <classroom>12.101</classroom>
		<course>Black Magic Defense</course>
                <slot>15</slot>
                <type>3</type>
                <group>122</group>
	</lecture>
	<lecture>
                <classroom>13.100</classroom>
		<course>Black Magic Defense</course>
                <slot>14</slot>
                <type>3</type>
                <group>211</group>
	</lecture>
	<lecture>
                <classroom>13.101</classroom>
		<course>Black Magic Defense</course>
                <slot>14</slot>
                <type>3</type>
                <group>212</group>
	</lecture>
	<lecture>
                <classroom>13.100</classroom>
		<course>Black Magic Defense</course>
                <slot>15</slot>
                <type>3</type>
                <group>221</group>
	</lecture>
	<lecture>
                <classroom>13.101</classroom>
		<course>Black Magic Defense</course>
                <slot>15</slot>
                <type>3</type>
                <group>222</group>
	</lecture>
        <lecture>
                <classroom>10.100</classroom>
		<course>Enchantments</course>
                <slot>4</slot>
                <type>1</type>
                <group>1</group>
	</lecture>
	<lecture>
                <classroom>10.100</classroom>
		<course>Enchantments</course>
                <slot>5</slot>
                <type>1</type>
                <group>2</group>
	</lecture>
	<lecture>
                <classroom>11.100</classroom>
		<course>Enchantments</course>
                <slot>10</slot>
                <type>2</type>
                <group>11</group>
	</lecture>
	<lecture>
                <classroom>11.100</classroom>
		<course>Enchantments</course>
                <slot>11</slot>
                <type>2</type>
                <group>12</group>
	</lecture>
	<lecture>
                <classroom>11.101</classroom>
		<course>Enchantments</course>
                <slot>10</slot>
                <type>2</type>
                <group>21</group>
	</lecture>
	<lecture>
                <classroom>11.101</classroom>
		<course>Enchantments</course>
                <slot>11</slot>
                <type>2</type>
                <group>22</group>
	</lecture>
	<lecture>
                <classroom>12.100</classroom>
		<course>Enchantments</course>
                <slot>16</slot>
                <type>3</type>
                <group>111</group>
	</lecture>
	<lecture>
                <classroom>12.101</classroom>
		<course>Enchantments</course>
                <slot>16</slot>
                <type>3</type>
                <group>112</group>
	</lecture>
	<lecture>
                <classroom>12.100</classroom>
		<course>Enchantments</course>
                <slot>17</slot>
                <type>3</type>
                <group>121</group>
	</lecture>
	<lecture>
                <classroom>12.101</classroom>
		<course>Enchantments</course>
                <slot>17</slot>
                <type>3</type>
                <group>122</group>
	</lecture>
	<lecture>
                <classroom>13.100</classroom>
		<course>Enchantments</course>
                <slot>16</slot>
                <type>3</type>
                <group>211</group>
	</lecture>
	<lecture>
                <classroom>13.101</classroom>
		<course>Enchantments</course>
                <slot>16</slot>
                <type>3</type>
                <group>212</group>
	</lecture>
	<lecture>
                <classroom>13.100</classroom>
		<course>Enchantments</course>
                <slot>17</slot>
                <type>3</type>
                <group>221</group>
	</lecture>
	<lecture>
                <classroom>13.101</classroom>
		<course>Enchantments</course>
                <slot>17</slot>
                <type>3</type>
                <group>222</group>
	</lecture>
        <lecture>
                <classroom>10.101</classroom>
		<course>Potions</course>
                <slot>1</slot>
                <type>1</type>
                <group>1</group>
	</lecture>
	<lecture>
                <classroom>10.101</classroom>
		<course>Potions</course>
                <slot>0</slot>
                <type>1</type>
                <group>2</group>
	</lecture>
	<lecture>
                <classroom>11.100</classroom>
		<course>Potions</course>
                <slot>18</slot>
                <type>2</type>
                <group>11</group>
	</lecture>
	<lecture>
                <classroom>11.100</classroom>
		<course>Potions</course>
                <slot>19</slot>
                <type>2</type>
                <group>12</group>
	</lecture>
	<lecture>
                <classroom>11.101</classroom>
		<course>Potions</course>
                <slot>18</slot>
                <type>2</type>
                <group>21</group>
	</lecture>
	<lecture>
                <classroom>11.101</classroom>
		<course>Potions</course>
                <slot>19</slot>
                <type>2</type>
                <group>22</group>
	</lecture>
	<lecture>
                <classroom>12.100</classroom>
		<course>Potions</course>
                <slot>24</slot>
                <type>3</type>
                <group>111</group>
	</lecture>
	<lecture>
                <classroom>12.101</classroom>
		<course>Potions</course>
                <slot>24</slot>
                <type>3</type>
                <group>112</group>
	</lecture>
	<lecture>
                <classroom>12.100</classroom>
		<course>Potions</course>
                <slot>25</slot>
                <type>3</type>
                <group>121</group>
	</lecture>
	<lecture>
                <classroom>12.101</classroom>
		<course>Potions</course>
                <slot>25</slot>
                <type>3</type>
                <group>122</group>
	</lecture>
	<lecture>
                <classroom>13.100</classroom>
		<course>Potions</course>
                <slot>24</slot>
                <type>3</type>
                <group>211</group>
	</lecture>
	<lecture>
                <classroom>13.101</classroom>
		<course>Potions</course>
                <slot>24</slot>
                <type>3</type>
                <group>212</group>
	</lecture>
	<lecture>
                <classroom>13.100</classroom>
		<course>Potions</course>
                <slot>25</slot>
                <type>3</type>
                <group>221</group>
	</lecture>
	<lecture>
                <classroom>13.101</classroom>
		<course>Potions</course>
                <slot>25</slot>
                <type>3</type>
                <group>222</group>
	</lecture>
        <lecture>
                <classroom>10.101</classroom>
		<course>Astronomy</course>
                <slot>3</slot>
                <type>1</type>
                <group>1</group>
	</lecture>
	<lecture>
                <classroom>10.101</classroom>
		<course>Astronomy</course>
                <slot>2</slot>
                <type>1</type>
                <group>2</group>
	</lecture>
	<lecture>
                <classroom>11.100</classroom>
		<course>Astronomy</course>
                <slot>20</slot>
                <type>2</type>
                <group>11</group>
	</lecture>
	<lecture>
                <classroom>11.100</classroom>
		<course>Astronomy</course>
                <slot>21</slot>
                <type>2</type>
                <group>12</group>
	</lecture>
	<lecture>
                <classroom>11.101</classroom>
		<course>Astronomy</course>
                <slot>20</slot>
                <type>2</type>
                <group>21</group>
	</lecture>
	<lecture>
                <classroom>11.101</classroom>
		<course>Astronomy</course>
                <slot>21</slot>
                <type>2</type>
                <group>22</group>
	</lecture>
	<lecture>
                <classroom>12.100</classroom>
		<course>Astronomy</course>
                <slot>26</slot>
                <type>3</type>
                <group>111</group>
	</lecture>
	<lecture>
                <classroom>12.101</classroom>
		<course>Astronomy</course>
                <slot>26</slot>
                <type>3</type>
                <group>112</group>
	</lecture>
	<lecture>
                <classroom>12.100</classroom>
		<course>Astronomy</course>
                <slot>27</slot>
                <type>3</type>
                <group>121</group>
	</lecture>
	<lecture>
                <classroom>12.101</classroom>
		<course>Astronomy</course>
                <slot>27</slot>
                <type>3</type>
                <group>122</group>
	</lecture>
	<lecture>
                <classroom>13.100</classroom>
		<course>Astronomy</course>
                <slot>26</slot>
                <type>3</type>
                <group>211</group>
	</lecture>
	<lecture>
                <classroom>13.101</classroom>
		<course>Astronomy</course>
                <slot>26</slot>
                <type>3</type>
                <group>212</group>
	</lecture>
	<lecture>
                <classroom>13.100</classroom>
		<course>Astronomy</course>
                <slot>27</slot>
                <type>3</type>
                <group>221</group>
	</lecture>
	<lecture>
                <classroom>13.101</classroom>
		<course>Astronomy</course>
                <slot>27</slot>
                <type>3</type>
                <group>222</group>
	</lecture>
        <lecture>
                <classroom>10.101</classroom>
		<course>Flight</course>
                <slot>5</slot>
                <type>1</type>
                <group>1</group>
	</lecture>
	<lecture>
                <classroom>10.101</classroom>
		<course>Flight</course>
                <slot>4</slot>
                <type>1</type>
                <group>2</group>
	</lecture>
	<lecture>
                <classroom>11.100</classroom>
		<course>Flight</course>
                <slot>22</slot>
                <type>2</type>
                <group>11</group>
	</lecture>
	<lecture>
                <classroom>11.100</classroom>
		<course>Flight</course>
                <slot>23</slot>
                <type>2</type>
                <group>12</group>
	</lecture>
	<lecture>
                <classroom>11.101</classroom>
		<course>Flight</course>
                <slot>22</slot>
                <type>2</type>
                <group>21</group>
	</lecture>
	<lecture>
                <classroom>11.101</classroom>
		<course>Flight</course>
                <slot>23</slot>
                <type>2</type>
                <group>22</group>
	</lecture>
	<lecture>
                <classroom>12.100</classroom>
		<course>Flight</course>
                <slot>28</slot>
                <type>3</type>
                <group>111</group>
	</lecture>
	<lecture>
                <classroom>12.101</classroom>
		<course>Flight</course>
                <slot>28</slot>
                <type>3</type>
                <group>112</group>
	</lecture>
	<lecture>
                <classroom>12.100</classroom>
		<course>Flight</course>
                <slot>29</slot>
                <type>3</type>
                <group>121</group>
	</lecture>
	<lecture>
                <classroom>12.101</classroom>
		<course>Flight</course>
                <slot>29</slot>
                <type>3</type>
                <group>122</group>
	</lecture>
	<lecture>
                <classroom>13.100</classroom>
		<course>Flight</course>
                <slot>28</slot>
                <type>3</type>
                <group>211</group>
	</lecture>
	<lecture>
                <classroom>13.101</classroom>
		<course>Flight</course>
                <slot>28</slot>
                <type>3</type>
                <group>212</group>
	</lecture>
	<lecture>
                <classroom>13.100</classroom>
		<course>Flight</course>
                <slot>29</slot>
                <type>3</type>
                <group>221</group>
	</lecture>
	<lecture>
                <classroom>13.101</classroom>
		<course>Flight</course>
                <slot>29</slot>
                <type>3</type>
                <group>222</group>
	</lecture>
</lectures>

